produto;tabela;confianca;colunas_sem_titulo;colunas_mescladas_preenchidas;linhas;referencias;pagina_catalogo
a-conjuntos-de-aterramento-para-baixa-tensao;1;baixa;5;0;5;0;27
a-conjuntos-de-aterramento-para-baixa-tensao;2;media;0;0;4;4;27
a-conjuntos-de-aterramento-para-baixa-tensao;3;media;0;0;4;4;27
a-conjuntos-de-aterramento-para-baixa-tensao;4;media;0;0;5;5;27
a-conjuntos-de-aterramento-para-baixa-tensao;5;media;2;0;3;3;27
a-conjuntos-de-aterramento-para-baixa-tensao;6;baixa;0;0;;0;27
a-conjuntos-de-aterramento-para-baixa-tensao;7;baixa;0;0;;0;27
a-conjuntos-de-aterramento-para-media-tensao;1;media;0;0;9;9;33
a-conjuntos-de-aterramento-para-media-tensao;2;media;0;0;9;9;33
a-conjuntos-de-aterramento-para-media-tensao;3;media;0;0;8;8;33
a-conjuntos-de-aterramento-para-media-tensao;4;baixa;5;0;6;6;33
a-conjuntos-de-aterramento-para-media-tensao;5;baixa;4;0;9;9;33
a-conjuntos-de-aterramento-para-media-tensao;6;baixa;5;0;9;9;33
a-conjuntos-de-aterramento-para-media-tensao;7;baixa;5;0;6;6;33
a-conjuntos-de-aterramento-para-media-tensao;8;baixa;5;0;8;8;33
a-conjuntos-de-aterramento-para-media-tensao;9;baixa;5;0;8;8;33
a-conjuntos-de-aterramento-para-media-tensao;10;baixa;0;0;;0;33
a-conjuntos-de-aterramento-para-media-tensao;11;media;0;0;7;7;33
a-conjuntos-de-aterramento-para-media-tensao;12;media;0;0;7;7;33
a-conjuntos-de-aterramento-para-media-tensao;13;media;0;0;9;9;33
a-conjuntos-de-aterramento-para-media-tensao;14;media;0;0;7;7;33
a-conjuntos-de-aterramento-para-media-tensao;15;baixa;5;0;10;10;33
a-conjuntos-de-aterramento-para-media-tensao;16;media;0;0;7;7;33
a-conjuntos-de-aterramento-para-media-tensao;17;media;0;0;7;7;33
a-conjuntos-de-aterramento-para-media-tensao;18;media;0;0;6;6;33
a-conjuntos-de-aterramento-para-media-tensao;19;media;0;0;4;4;33
a-conjuntos-de-aterramento-para-media-tensao;20;media;0;0;6;0;33
a-conjuntos-de-aterramento-para-media-tensao;21;media;0;0;6;0;33
a-conjuntos-de-aterramento-para-media-tensao;22;media;0;0;7;0;33
a-conjuntos-de-aterramento-para-alta-tensao;1;media;1;0;9;9;54
a-conjuntos-de-aterramento-para-alta-tensao;2;baixa;4;0;6;6;54
a-conjuntos-de-aterramento-para-alta-tensao;3;baixa;5;0;7;7;54
a-conjuntos-de-aterramento-para-alta-tensao;4;baixa;5;0;7;7;54
a-conjuntos-de-aterramento-para-alta-tensao;5;baixa;5;0;7;7;54
a-sistema-de-elevacao-e-instalacao-para-aterramentos-em-subestacoes;1;baixa;0;0;;0;59
a-sistema-de-elevacao-e-instalacao-para-aterramentos-em-subestacoes;2;baixa;0;0;;0;59
a-grampo-de-aterramento;1;alta;0;0;7;7;61
a-grampo-de-aterramento;2;alta;0;0;1;1;61
a-grampo-de-aterramento;3;baixa;6;0;8;0;61
a-grampo-de-aterramento;4;baixa;0;0;;0;61
a-grampo-de-aterramento;5;baixa;5;0;6;0;61
a-grampo-de-aterramento;6;baixa;6;0;8;0;61
a-grampo-de-aterramento;7;baixa;4;0;8;0;61
a-grampo-de-aterramento;8;baixa;5;0;8;0;61
a-grampo-de-aterramento;9;baixa;6;0;7;0;61
a-grampo-de-aterramento;10;baixa;5;0;8;0;61
a-grampo-de-aterramento;11;baixa;4;0;7;0;61
a-grampo-de-aterramento;12;baixa;5;0;8;0;61
a-grampo-de-aterramento;13;baixa;4;0;7;0;61
a-grampo-de-aterramento;14;baixa;6;0;8;0;61
a-grampo-de-aterramento;15;baixa;6;0;7;0;61
a-grampo-de-aterramento;16;alta;0;0;2;2;61
a-grampo-de-aterramento;17;baixa;0;0;;0;61
a-cabo-para-aterramento;1;baixa;5;0;6;0;77
a-cabo-para-aterramento;2;baixa;1;0;5;0;77
a-terminal-para-cabos-de-aterramento;1;baixa;0;0;;0;78
a-terminal-para-cabos-de-aterramento;2;baixa;0;0;;0;78
a-terminal-para-cabos-de-aterramento;3;baixa;0;0;;0;78
a-equipamentos-auxiliares;1;media;0;0;2;2;82
a-equipamentos-auxiliares;2;baixa;0;0;;0;82
a-equipamentos-auxiliares;3;baixa;0;0;;0;82
a-equipamentos-auxiliares;4;baixa;0;0;;0;82
a-equipamentos-auxiliares;5;baixa;0;0;;0;82
b-bastao-de-manobra;3;media;4;1;6;6;87
b-bastao-de-manobra;4;alta;0;0;2;2;87
b-vara-de-manobra-seccionavel;1;baixa;0;0;;0;90
b-vara-de-manobra-seccionavel;2;baixa;7;0;8;8;90
b-vara-de-manobra-seccionavel;3;alta;0;0;3;3;90
b-vara-de-manobra-seccionavel;4;media;5;0;3;3;90
b-vara-de-manobra-seccionavel;5;alta;0;0;1;1;90
b-vara-de-manobra-telescopica;1;media;3;0;9;0;92
b-vara-de-manobra-telescopica;2;media;3;0;6;0;92
b-vara-de-manobra-telescopica;3;media;3;0;7;0;92
b-vara-de-manobra-telescopica;4;alta;0;0;1;0;92
b-bastao-universal;1;media;2;0;9;9;98
b-bastao-universal;2;media;2;0;9;9;98
b-bastao-de-amarracao;1;alta;0;0;2;2;99
b-bastao-soquete-flexivel;1;media;2;1;4;4;100
b-bastao-soquete-flexivel;2;media;1;0;2;2;100
b-bastao-punho-isolante;1;media;0;0;1;1;101
b-bastao-prendedor-de-condutor;1;media;2;0;2;0;102
b-bastao-com-soquete-multi-angular;1;media;2;1;4;4;103
b-bastao-volt-amperimetro;1;alta;0;0;2;0;104
b-bastao-volt-amperimetro;2;media;1;0;2;0;104
b-cabide-e-cavalete-para-bastoes;1;alta;0;0;3;3;105
b-ferramenta-universal;1;media;1;0;2;2;106
b-tesourao;1;alta;0;0;1;0;115
b-tesourao;2;alta;0;0;1;1;115
b-tesourao;3;alta;0;0;6;6;115
b-tesourao;4;alta;0;0;2;2;115
b-bastao-podador;1;alta;0;0;3;3;117
b-cortador-de-ramais;1;alta;0;0;1;1;118
b-cortador-de-ramais;2;alta;0;0;1;1;118
b-aferidor-de-pressao-hidraulica;1;alta;0;0;1;1;121
b-bastao-tira-pipa;1;alta;0;0;2;2;121
b-bastao-auxiliar-para-posicionamento-de-poste;1;media;1;0;1;1;122
b-bastao-auxiliar-para-posicionamento-de-poste;2;media;1;0;2;2;122
b-bastao-de-medicao-e-extensao;1;alta;0;0;2;2;124
b-bastao-de-resgate;1;alta;0;0;2;2;125
b-bastao-de-resgate;2;alta;0;0;1;0;125
b-bastao-de-resgate;3;alta;0;0;1;0;125
b-bastao-de-resgate;4;alta;0;0;1;1;125
b-bastao-de-resgate;5;alta;0;0;2;2;125
c-cobertura-para-poste;1;media;1;0;2;2;131
c-cobertura-para-poste;2;media;1;2;4;4;131
c-cobertura-para-poste;3;media;1;2;4;4;131
c-cobertura-circular;1;media;1;2;8;8;132
c-cobertura-para-cruzeta;1;baixa;0;0;;0;133
c-cobertura-para-cruzeta;2;alta;0;0;3;3;133
c-cobertura-bloqueadora-e-sinalizadora-de-chaves-seccionadoras-e-fusivei;1;media;0;0;2;2;135
c-cobertura-para-condutor-isolador-de-pino-e-disco;1;baixa;0;0;;0;136
c-cobertura-para-condutor-isolador-de-pino-e-disco;2;media;1;0;5;5;136
c-cobertura-para-condutor-isolador-de-pino-e-disco;3;media;3;0;3;3;136
c-cobertura-para-condutor-isolador-de-pino-e-disco;4;media;3;0;2;2;136
c-cobertura-para-condutor-isolador-de-pino-e-disco;5;media;3;0;2;2;136
c-coberturas-isolantes-para-intervencoes-em-subestacoes-energizadas;1;alta;0;0;3;3;141
c-coberturas-isolantes-para-intervencoes-em-subestacoes-energizadas;2;alta;0;0;2;2;141
c-coberturas-isolantes-para-intervencoes-em-subestacoes-energizadas;3;media;1;0;2;2;141
c-cobertura-para-uso-permanente;1;baixa;0;0;;0;143
c-cobertura-para-uso-permanente;2;baixa;0;0;;0;143
c-manta-isolante;1;alta;0;0;2;0;146
c-lencol-isolante;1;baixa;0;0;;0;146
c-lencol-isolante;2;media;4;0;1;0;146
c-cobertura-flexivel-para-condutor;1;baixa;0;0;;0;147
c-cobertura-flexivel-para-condutor;2;baixa;0;0;;0;147
c-luvas-e-mangas-isolantes-de-borracha;1;media;5;5;11;0;149
c-cobertura-protetora-flexivel-permantente;1;baixa;0;0;;0;151
c-cobertura-protetora-flexivel-permantente;2;baixa;0;0;;0;151
d-restauradores-e-lubrificantes;1;media;1;0;7;0;155
d-acondicionamento;1;baixa;0;0;;0;157
d-acondicionamento;2;alta;0;0;7;0;157
d-acondicionamento;3;media;1;0;3;3;157
d-acondicionamento;4;baixa;0;0;;0;157
d-acondicionamento;5;alta;0;0;17;17;157
e-escada-com-perfil-u-ritzglas;1;baixa;0;0;;0;165
e-escada-com-perfil-u-ritzglas;2;baixa;0;0;;0;165
e-escada-com-perfil-u-ritzglas;3;baixa;0;0;;0;165
e-escada-com-perfil-oblongo-ritzglas;1;baixa;0;0;;0;168
e-escada-com-perfil-oblongo-ritzglas;2;baixa;0;0;;0;168
e-escada-em-a;1;media;4;0;7;0;169
e-escada-torre-movel;1;media;1;0;14;0;170
e-escada-de-linha-viva;1;media;0;1;15;15;171
e-escada-de-linha-viva;2;alta;0;0;5;5;171
e-escada-de-linha-viva;3;alta;0;0;1;1;171
e-escada-de-linha-viva;4;alta;0;0;3;3;171
e-escada-de-linha-viva;5;media;0;2;3;3;171
e-acessorio-para-sustentacao-de-escadas;1;baixa;0;0;;0;175
e-acessorio-para-sustentacao-de-escadas;2;alta;0;0;3;0;175
e-acessorio-para-sustentacao-de-escadas;3;media;1;0;1;1;175
e-acessorio-para-sustentacao-de-escadas;4;media;1;0;1;1;175
e-acessorio-para-sustentacao-de-escadas;5;alta;0;0;8;8;175
e-acessorio-para-sustentacao-de-escadas;6;alta;0;0;4;4;175
e-acessorio-para-sustentacao-de-escadas;7;media;0;2;4;4;175
e-gancho-ajustavel-para-escadas;1;baixa;0;0;;0;177
e-escada-com-longarina-dupla;1;baixa;0;0;;0;178
e-escada-com-longarina-dupla;2;media;2;0;3;0;178
e-escada-com-longarina-dupla;3;baixa;0;0;;0;178
e-andaime-modular-isolante;1;alta;0;0;8;8;183
e-andaime-modular-isolante;2;media;0;0;5;5;183
e-andaime-modular-isolante;3;alta;0;0;6;6;183
e-andaime-modular-isolante;4;alta;0;0;6;6;183
e-andaime-modular-isolante;5;alta;0;0;3;3;183
e-andaime-modular-isolante;6;alta;0;0;4;4;183
e-andaime-modular-isolante;7;alta;0;0;7;7;183
e-andaime-modular-isolante;8;alta;0;0;3;3;183
e-andaime-modular-isolante;9;baixa;0;0;;0;183
e-andaime-modular-isolante;10;baixa;0;0;;0;183
f-talha-manual;1;alta;0;0;2;2;197
f-talha-manual;2;alta;0;0;2;2;197
f-talha-manual;3;alta;0;0;2;2;197
f-talha-manual;4;baixa;0;0;;0;197
f-talha-manual;5;alta;0;0;4;0;197
f-bastao-com-gancho-para-talhas-e-moitoes;1;alta;0;0;1;1;200
f-bastao-isolante-para-talhas-e-moitoes;1;media;0;2;3;3;200
f-mastro-para-cruzeta;1;baixa;0;0;;0;201
f-mastro-para-icamento-de-carga;1;alta;0;0;3;3;201
f-mastro-e-lanca-para-icamento-de-cargas;1;alta;0;0;2;2;203
f-mastro-e-lanca-para-icamento-de-cargas;2;baixa;0;0;;0;203
f-mastro-e-lanca-para-icamento-de-cargas;3;alta;0;0;1;1;203
f-bastao-lanca-com-mastro;1;baixa;0;0;;0;204
f-bastao-lanca-com-mastro;2;alta;0;0;1;1;204
f-bastao-lanca-com-mastro;3;baixa;0;0;;0;204
f-bastao-lanca-com-mastro;4;alta;0;0;4;4;204
f-moitao;1;alta;0;0;10;10;208
f-carretilha;1;media;0;0;1;1;210
f-carretilha;2;alta;0;0;1;1;210
f-carretilha;3;alta;0;0;2;2;210
f-carretilha;4;alta;0;0;1;1;210
f-corda;1;alta;0;0;5;5;212
f-corda;2;alta;0;0;3;3;212
f-corda;3;alta;0;0;1;1;212
f-corda;4;media;0;5;4;4;212
f-separador-isolante-de-cordas;1;media;0;2;3;3;214
f-estropo;1;media;5;1;11;11;215
f-estropo;2;media;0;2;3;3;215
f-esticador-de-cabo;1;media;0;1;4;0;216
f-lona-impermeavel-para-ferramentas;1;alta;0;0;1;0;217
g-bastao-garra;1;media;1;0;4;0;221
g-bastao-garra;2;media;1;0;3;0;221
g-bastao-garra;3;media;4;2;13;13;221
g-bastao-garra;4;media;0;2;4;4;221
g-colar-com-argola;1;media;0;2;3;3;226
g-colarinho-para-bastao;1;alta;0;0;4;4;227
g-selas-e-componentes;1;media;0;0;13;13;227
g-selas-e-componentes;2;media;0;0;6;6;227
g-sela-para-estrutura-metalica;1;baixa;0;0;;0;232
g-conjunto-de-elevacao;1;alta;0;0;8;8;233
g-cruzeta-auxiliar;1;alta;0;0;4;4;236
g-cruzeta-auxiliar;2;alta;0;0;4;4;236
g-cruzeta-auxiliar;3;alta;0;0;5;5;236
g-extensao-de-cruzeta;1;alta;0;0;4;4;238
g-suporte-para-cruzeta-auxiliar-para-cesto-aereo;1;alta;0;0;1;1;238
g-tensor-isolado;1;alta;0;0;2;2;241
g-tensionador-simetrico;1;alta;0;0;1;1;242
g-bastao-de-tracao-com-torniquete;1;baixa;0;0;;0;242
g-bastao-tracao-espiral;1;media;1;3;3;3;244
g-bastao-tracao-com-rolete;1;media;1;0;2;2;245
g-bastao-tensor-garfo-olhal-garfo-garfo;1;media;0;0;1;1;246
g-bastao-tensor-garfo-olhal-garfo-garfo;2;media;2;0;1;1;246
g-bastao-tensor-com-luva-ajustavel;1;baixa;5;0;7;7;247
g-bastao-tensor-com-luva-ajustavel;2;alta;0;0;5;5;247
g-tensionador-leve;1;baixa;4;0;1;0;250
g-tensionador-leve;2;baixa;4;0;1;0;250
g-tensionador-leve;3;alta;0;0;2;2;250
g-tensionador-duplo-para-distribuicao;1;media;1;0;2;2;254
g-tensionador-duplo-para-distribuicao;2;media;1;0;2;2;254
g-tensionador-duplo;1;media;1;0;7;7;256
g-tensionador-auxiliar;1;alta;0;0;3;3;258
g-acessorios-para-tensionadores;1;alta;0;0;3;3;260
g-acessorios-para-tensionadores;2;alta;0;0;4;4;260
g-acessorios-para-tensionadores;3;alta;0;0;2;2;260
g-bastao-de-suspensao-para-linhas-pesadas;1;media;0;3;6;6;262
g-mordaca-ajustavel;1;alta;0;0;2;2;263
g-bastao-de-suspensao-com-gancho-ajustavel;1;alta;0;0;1;1;263
g-aterramento-estatico;1;baixa;0;0;;0;269
g-berco;1;baixa;0;0;;0;270
g-berco;2;alta;0;0;8;8;270
g-berco;3;baixa;0;0;;0;270
g-berco;4;media;0;0;7;7;270
g-berco;5;media;0;0;2;2;270
g-berco;6;media;0;1;19;19;270
g-bastao-com-gancho-tipo-j;1;alta;0;0;1;1;276
g-bastao-com-gancho-tipo-j;2;baixa;0;0;;0;276
g-bastao-trilho;1;alta;0;0;2;2;277
g-bastao-trilho;2;alta;0;0;3;3;277
h-vestimenta-condutiva;1;baixa;0;0;;0;281
h-vestimenta-condutiva;2;media;1;0;10;0;281
h-carro-para-inspecao-de-condutores;1;media;0;0;1;1;284
h-carro-para-inspecao-de-condutores;2;alta;0;0;2;2;284
i-testador-de-fase;1;media;1;0;5;5;289
i-testador-de-fase;2;alta;0;0;1;0;289
i-aparelho-portatil-para-ensaios-eletricos;1;baixa;0;0;;0;292
i-detector-ausencia-de-tensao;1;baixa;0;0;;0;294
i-detector-ausencia-de-tensao;2;baixa;0;0;;0;294
i-detector-de-tensao-por-contato;1;baixa;0;0;;0;295
i-detector-de-tensao-por-contato;2;baixa;0;0;;0;295
i-detector-de-tensao-por-contato;3;baixa;0;0;;0;295
i-detector-de-tensao-por-contato;4;baixa;0;0;;0;295
i-detector-de-tensao-por-aproximacao;1;baixa;0;0;;0;297
i-detector-de-tensao-por-aproximacao;2;baixa;0;0;;0;297
j-cabo-protegido;1;alta;0;0;10;0;303
j-cabo-protegido;2;alta;0;0;10;0;303
j-terminal-de-cobre-para-cabos-protegidos;1;media;0;1;4;4;304
j-grampo-de-torcao-para-by-pass;1;baixa;4;0;7;0;305
j-grampo-protegido;1;alta;0;0;3;3;306
j-conjunto-de-jumper-temporario;1;media;2;0;3;3;307
j-conjunto-de-jumper-temporario;2;media;2;0;2;2;307
j-conjunto-de-jumper-temporario;3;media;2;0;2;2;307
j-conjunto-de-jumper-temporario;4;media;2;0;7;7;307
j-conjunto-de-jumper-temporario;5;media;2;0;5;5;307
j-conjunto-de-jumper-temporario;6;media;2;0;5;5;307
j-conjunto-de-jumper-temporario;7;media;2;0;7;7;307
j-jumper-temporario-para-bucha-de-transformador;1;media;1;0;4;4;310
j-jumper-temporario-para-bucha-de-transformador;2;media;0;0;3;3;310
j-jumper-para-circuitos-de-rede-secundario-de-distribuicao-trifasica-de-;1;media;0;0;8;0;311
j-jumper-rigido;1;media;2;0;3;3;312
j-chave-fusivel-temporaria;1;baixa;0;0;;0;314
j-equipamento-para-seccionamento-temporario;1;alta;0;0;2;2;315
j-cruzeta-temporaria-para-big-jumper;1;alta;0;0;1;0;316
j-by-pass-temporario-para-chave-fusivel;1;media;0;1;5;5;317
j-seccionador-movel;1;baixa;0;0;;0;318
j-seccionador-movel;2;media;1;0;1;0;318
j-dispositivo-de-abertura-sob-carga-dac;1;alta;0;0;1;1;320
k-esfera-para-instalacao-convencional;1;media;0;0;1;1;324
k-esfera-para-instalacao-por-corda;1;media;0;0;1;1;325
k-esfera-para-instalacao-por-corda;2;alta;0;0;5;5;325
k-esfera-para-instalacao-por-helicoptero;1;media;0;0;1;1;326
k-cone-antipouso;1;media;1;0;1;1;328
k-cruzeta-em-fibra-de-vidro;1;baixa;0;0;;0;330
l-bloco-terminal;1;media;1;0;2;0;337
spda-captor-tipo-franklin;1;baixa;0;0;;0;
spda-terminal-aereo;1;baixa;0;0;;0;
spda-abracadeira-para-terminal-aereo;1;baixa;0;0;;0;
spda-terminal-de-inserir-sem-bandeira;1;baixa;0;0;;0;
spda-isolador-de-uso-geral;1;baixa;0;0;;0;
spda-suporte-para-telha-ceramica;1;baixa;0;0;;0;
spda-mastro-simples;1;media;0;0;4;0;
spda-mastro-telescopico;1;baixa;0;0;;0;
spda-poste-telescopico-auto-suportado;1;baixa;0;0;;0;
spda-fixadores-para-mastro;1;baixa;0;0;;0;
spda-isolador-para-mastro;1;baixa;0;0;;0;
spda-suporte-para-tubos;1;baixa;0;0;;0;
spda-conjunto-de-contraventagem;1;baixa;0;0;;0;
spda-conector-estrutural-e-redutor;1;baixa;0;0;;0;
spda-rebar;1;baixa;0;0;;0;
spda-barra-de-aluminio;1;baixa;0;0;;0;
spda-emendas-para-barra-de-aluminio;1;baixa;0;0;;0;
spda-suportes-e-presilhas-para-barra-chata;1;baixa;0;0;;0;
spda-terminal-aereo-para-barra-chata;1;baixa;0;0;;0;
spda-unha-para-barra;1;baixa;0;0;;0;
spda-terminal-tipo-x-para-barra;1;baixa;0;0;;0;
spda-curva-para-descida-de-barra-chata;1;baixa;0;0;;0;
spda-abracadeira-para-descida-de-barra-chata;1;baixa;0;0;;0;
spda-suporte-isolador-guia-colavel;1;baixa;0;0;;0;
spda-conector-emenda-e-medicao;1;baixa;0;0;;0;
spda-conector-split-bolt;1;baixa;0;0;;0;
spda-conector-split-bolt-com-pino;1;baixa;0;0;;0;
spda-conector-paralelo;1;baixa;0;0;;0;
spda-terminal-de-pressao;1;baixa;0;0;;0;
spda-tensionador-para-cabo-de-cobre;1;baixa;0;0;;0;
spda-conector-combinado;1;baixa;0;0;;0;
spda-terminal-tipo-x-de-latao;1;baixa;0;0;;0;
spda-presilha-em-latao;1;baixa;0;0;;0;
spda-terminal-de-compressao;1;baixa;0;0;;0;
spda-abracadeira-tipo-omega;1;baixa;0;0;;0;
spda-calha-com-estribo;1;baixa;0;0;;0;
spda-fixador-de-estais;1;baixa;0;0;;0;
spda-chapa-de-fixacao-tipo-unha;1;baixa;0;0;;0;
spda-esticador-para-cabo-de-aco;1;baixa;0;0;;0;
spda-sapatilha-para-cabo-de-aco;1;baixa;0;0;;0;
spda-grampo-crosby;1;baixa;0;0;;0;
spda-cabo-de-aco;1;baixa;0;0;;0;
spda-massa-de-vedacao-e-cola-compound;1;baixa;0;0;;0;
spda-abracadeira-tipo-d;1;baixa;0;0;;0;
spda-tubo-de-protecao-pvc;1;baixa;0;0;;0;
spda-interligacao;1;baixa;0;0;;0;
spda-parafusos-e-buchas;1;baixa;0;0;;0;
spda-caixa-de-inspecao-de-aterramento;1;baixa;0;0;;0;
spda-tampa-para-caixa-de-inspecao;1;baixa;0;0;;0;
spda-haste-de-aterramento;1;baixa;0;0;;0;
spda-conector-cabo-haste;1;baixa;0;0;;0;
spda-luva-de-emenda-para-haste;1;baixa;0;0;;0;
spda-bentonita-sodica;1;baixa;0;0;;0;
spda-suspensa-de-polipropileno;1;baixa;0;0;;0;
spda-solda-exotermica;1;baixa;0;0;;0;
spda-cabo-de-cobre-nu;1;baixa;0;0;;0;
spda-caixa-de-equalizacao;1;baixa;0;0;;0;
spda-cordoalha-de-cobre;1;baixa;0;0;;0;
spda-aparelho-sinalizador;1;baixa;0;0;;0;
spda-balizador-tubo-3-4;1;baixa;0;0;;0;
spda-balizador-tubo-1-1-2;1;baixa;0;0;;0;
spda-sinalizador-de-garagem;1;baixa;0;0;;0;
spda-abracadeira-para-mastro-de-sinalizador;1;baixa;0;0;;0;
spda-mastro-para-sinalizador;1;baixa;0;0;;0;
cabos-cabo-de-aluminio-nu-caa;1;alta;0;0;15;0;
cabos-cabo-de-aluminio-nu-ca;1;alta;0;0;11;0;
cabos-cabo-de-aluminio-nu-caa-extra-forte;1;alta;0;0;8;0;
cabos-cabo-de-aluminio-nu-caa-extra-forte;2;alta;0;0;7;0;
cabos-cabo-de-aluminio-nu-liga-6201-cal;1;alta;0;0;8;0;
cabos-cabo-de-aluminio-nu-liga-6201-cal;2;alta;0;0;8;0;
cabos-fio-de-aluminio-nu-liga-1350;1;alta;0;0;10;0;
cabos-fio-de-aluminio-nu-liga-1350;2;alta;0;0;3;0;
cabos-fio-de-aluminio-nu-liga-1350;3;baixa;0;0;;0;
cabos-fio-de-aluminio-nu-liga-6201;1;alta;0;0;2;0;
cabos-fio-de-aluminio-nu-liga-6201;2;media;0;0;1;0;
cabos-cabo-multiplex-duplex-0-6-1kv;1;alta;0;0;5;0;
cabos-cabo-multiplex-duplex-0-6-1kv;2;alta;0;0;5;0;
cabos-cabo-multiplex-triplex-0-6-1kv;1;alta;0;0;6;0;
cabos-cabo-multiplex-triplex-0-6-1kv;2;alta;0;0;6;0;
cabos-cabo-multiplex-quadruplex-0-6-1kv;1;alta;0;0;8;0;
cabos-cabo-multiplex-quadruplex-0-6-1kv;2;alta;0;0;8;0;
cabos-cabo-de-aluminio-isolado-xlpe-0-6-1kv;1;alta;0;0;8;0;
cabos-cabo-de-aluminio-protegido-15kv;1;alta;0;0;5;0;
cabos-fio-de-aluminio-coberto-para-amarracao;1;alta;0;0;2;0;
inpol-abracadeira-para-eletroduto;1;alta;0;0;6;0;
inpol-adaptador-para-eletroduto;1;alta;0;0;3;0;
inpol-caixa-condulete;1;alta;0;0;3;0;
inpol-conector-box-reto;1;alta;0;0;6;0;
inpol-tampao-para-caixa-condulete;1;alta;0;0;1;0;
inpol-curva-90-com-bolsa;1;alta;0;0;6;0;
inpol-eletroduto-de-pvc-aparente;1;alta;0;0;6;0;
inpol-joelho-com-janela;1;alta;0;0;3;0;
inpol-luva-para-eletroduto;1;alta;0;0;6;0;
inpol-tampa-cega-condulete;1;alta;0;0;2;0;
inpol-tampa-1-tecla-condulete;1;alta;0;0;2;0;
inpol-tampa-2-teclas-condulete;1;alta;0;0;2;0;
inpol-tampa-3-teclas-condulete;1;alta;0;0;2;0;
inpol-tampa-2-teclas-separadas-condulete;1;alta;0;0;1;0;
inpol-tampa-1-tecla-1-tomada-condulete;1;alta;0;0;1;0;
inpol-tampa-2-teclas-1-tomada-condulete;1;alta;0;0;1;0;
inpol-tampa-tomada-hexagonal-vertical-condulete;1;alta;0;0;2;0;
inpol-tampa-tomada-hexagonal-horizontal-condulete;1;alta;0;0;2;0;
inpol-tampa-redonda-condulete;1;alta;0;0;2;0;
inpol-tampa-2-tomadas-hexagonais-condulete;1;alta;0;0;2;0;
inpol-tampa-retangular-condulete;1;alta;0;0;1;0;
inpol-tampa-1-rj45-condulete;1;alta;0;0;2;0;
inpol-tampa-2-rj45-condulete;1;alta;0;0;2;0;
inpol-eletroduto-com-rosca-preto;1;alta;0;0;9;0;
inpol-curva-90-curta-com-rosca;1;alta;0;0;3;0;
inpol-curva-90-longa-com-rosca;1;media;0;0;4;0;
inpol-curva-180-com-rosca;1;media;0;0;2;0;
inpol-luva-com-rosca-sem-divisoria;1;alta;0;0;9;0;
inpol-abracadeira-marrom-hidraulica;1;media;0;0;2;0;
inpol-tampa-modular-mg-sleek;1;baixa;0;0;;0;
inpol-tampa-modular-sc-miluz;1;baixa;0;0;;0;
inpol-tampa-modular-tr-liz;1;baixa;0;0;;0;
inpol-caixa-de-passagem-deep-box;1;alta;0;0;3;0;
